var,run,key,median_rmsd,mean_rmsd,std_rmsd,ccc,inversion_ratio,wd_N-CA,wd_CA-C,wd_C-N,wd_CA-CB
2,1,train_both,1.1060070991516113,1.152661919593811,0.23081164062023163,0.9737965169402582,0.65825,0.09712560192539912,0.10355978352022385,0.1070373807314425,0.09995832682081895
3,1,train_both,1.1121022701263428,1.14198637008667,0.18770305812358856,0.9729977463629609,0.452,0.09994638203633452,0.11126566668279313,0.11235733709125484,0.10924483517437979
4,1,train_both,1.063157081604004,1.083730697631836,0.1475762128829956,0.9869985013874779,0.68775,0.09917916130116836,0.10586970145053295,0.11102991451853632,0.10740837621836176
5,1,train_both,1.1515419483184814,1.1768298149108887,0.1660047173500061,0.9869786401196059,0.1495,0.12274035230235922,0.12998337260272688,0.14182634822913626,0.14055894337282962
6,1,train_both,1.1881799697875977,1.2120426893234253,0.1649262011051178,0.9827365755742282,0.0,0.16801489068393843,0.17345699340860782,0.1872530395409195,0.1741021010013162
7,1,train_both,0.9789747595787048,0.9947072267532349,0.12548178434371948,0.9923842463857743,0.474,0.08065419388076547,0.09230219136996005,0.09091977242742669,0.08862409748642777
8,1,train_both,0.9974617958068848,1.013791561126709,0.11596818268299103,0.9910318664370305,0.58225,0.09355623096923471,0.10522953714591451,0.10307191864884274,0.09489643689280639
9,1,train_both,0.9459766149520874,0.9580453634262085,0.11242976784706116,0.9930857067114591,0.62625,0.09115875762208207,0.09308207630603074,0.1002186215105593,0.09086817292896301
10,1,train_both,0.9956783056259155,1.0089540481567383,0.11862238496541977,0.99193043381182,0.4735,0.10080437635623553,0.11331035131466677,0.11826443758377057,0.10721398833609881
11,1,train_both,0.9469925165176392,0.965859055519104,0.12365981936454773,0.9932673806558041,0.18025,0.10038750518240389,0.10357211277384143,0.10913124892314695,0.10052700018672106
12,1,train_both,0.9391758441925049,0.9543997645378113,0.10852230340242386,0.994042092192884,0.61475,0.08357470222170833,0.09451927150469666,0.09375164564983454,0.09279242174327834
13,1,train_both,0.9397960901260376,0.9580703973770142,0.1131422370672226,0.9933513428756562,0.4995,0.09930974950794844,0.10114912842667836,0.10603740151911739,0.10242046111608649
14,1,train_both,0.9919841885566711,1.006907343864441,0.11181313544511795,0.9927691327159458,0.31475,0.11400460001419865,0.1200336314078497,0.12320299379521166,0.11627612164836165
15,1,train_both,0.9070752859115601,0.9214428663253784,0.10720884054899216,0.9941402023056884,0.633,0.09188953129741757,0.09208585942768462,0.1043889605551875,0.09210553374690397
16,1,train_both,0.9414379596710205,0.9549814462661743,0.10870340466499329,0.9940878849201604,0.52625,0.09196130018575588,0.09927832930047456,0.10206836768050911,0.09976929064823187
17,1,train_both,0.9467463493347168,0.9609541893005371,0.10713808238506317,0.9943459852315975,0.24125,0.08702605119379962,0.0980878059601314,0.1058841200089892,0.09874218254358583
18,1,train_both,0.9512597322463989,0.9672377109527588,0.12351427227258682,0.9929603251078362,0.2395,0.09428362127847849,0.09626032972420205,0.10209821650755821,0.10374738822243079
19,1,train_both,1.0593957901000977,1.0721300840377808,0.13132339715957642,0.9909506891812508,0.081,0.1329148525432459,0.1475945334446443,0.14304436229544237,0.13371328181556652
20,1,train_both,0.9335123300552368,0.9463499784469604,0.10973856598138809,0.9945749964919297,0.14025,0.10210749208632212,0.10453755723706756,0.10556073863894068,0.11382160752785087
var,run,key,median_rmsd,mean_rmsd,std_rmsd,ccc,inversion_ratio,wd_N-CA,wd_CA-C,wd_C-N,wd_CA-CB
2,2,train_both,1.1820333003997803,1.229431390762329,0.24475540220737457,0.9654717366913279,0.0,0.1560221960361647,0.1606248180494651,0.1726685634241175,0.16403640007645226
3,2,train_both,1.0846996307373047,1.111584186553955,0.17640157043933868,0.9758660772952342,0.65325,0.0959372584229714,0.10140537567192885,0.1020931201574793,0.10692889298883822
4,2,train_both,1.0730867385864258,1.0961365699768066,0.14640949666500092,0.9881163587117693,0.5975,0.1085342645697869,0.1151674983103289,0.11530713368010284,0.10754482073060984
5,2,train_both,1.1502761840820312,1.1754980087280273,0.1596553474664688,0.9875693097758738,0.00975,0.13961958131620347,0.14526366503176114,0.14392332995318108,0.15465796998353154
6,2,train_both,1.1805779933929443,1.2041062116622925,0.17378754913806915,0.9831690695618883,0.008,0.14655002764817024,0.15856402125133692,0.16724892813135198,0.17179423763815493
7,2,train_both,1.0094252824783325,1.029075026512146,0.13555680215358734,0.9906749125669466,0.484,0.097754100893085,0.10052723795176402,0.11037241630618454,0.10397404865665769
8,2,train_both,1.0248939990997314,1.0409337282180786,0.12198087573051453,0.9912755844234439,0.12425,0.10658400394143944,0.11136890253256718,0.10989452251986569,0.10495253340509587
9,2,train_both,1.0145503282546997,1.031076431274414,0.12929044663906097,0.9914597089948906,0.30975,0.1050838549534536,0.11337074238917794,0.10742657123964885,0.11658204874086187
10,2,train_both,0.9340115785598755,0.9465863704681396,0.1082959920167923,0.9924241023199162,0.535,0.08928117599172056,0.10510162638297019,0.10909797555520928,0.09666347357241309
11,2,train_both,0.9124559164047241,0.9266093969345093,0.11051765829324722,0.9942619763702318,0.7095,0.08757126433076662,0.0861472316137526,0.0882334369291069,0.09106511640420631
12,2,train_both,0.989867091178894,1.0056227445602417,0.1195758804678917,0.9900247713269661,0.2035,0.056791345765000126,0.06174345742080786,0.06332850133018447,0.06205981644560163
13,2,train_both,1.32086980342865,1.3537832498550415,0.201355442404747,0.9776378910612815,0.0,0.25216205731736474,0.2554431823015413,0.2585223286833333,0.26097910201176033
14,2,train_both,0.9641293883323669,0.9796693921089172,0.11649928241968155,0.9937916785550671,0.34725,0.09643469599717092,0.10861460767458753,0.11195288045650963,0.0993344123526207
15,2,train_both,0.8892651796340942,0.9021984934806824,0.10278336703777313,0.9952020799385035,0.536,0.08489230481318662,0.09007611439656688,0.094596685155581,0.09003814705477206
16,2,train_both,0.9536153674125671,0.9688851833343506,0.11761205643415451,0.9933371683928011,0.602,0.10246542665283084,0.1027890103000943,0.10572450345351331,0.10910511800962064
17,2,train_both,0.9396411180496216,0.9546260237693787,0.10947346687316895,0.9937364918380789,0.1185,0.09444371508051248,0.10823684887927312,0.10688061957611542,0.1037879923792081
18,2,train_both,0.9182175397872925,0.9318001866340637,0.11371277272701263,0.9947098839286929,0.45325,0.08443564067987266,0.08640196806938302,0.09379515777400121,0.088361428231592
19,2,train_both,1.0134871006011963,1.0253955125808716,0.12800972163677216,0.993271569115608,0.17225,0.12090543537551965,0.14539544979230118,0.14432613960715918,0.12382055061415626
20,2,train_both,0.9349158406257629,0.9493487477302551,0.1114894449710846,0.9943271963007547,0.49475,0.09059383475217862,0.09712898017022784,0.09605379083064833,0.09865901660293308
var,run,key,median_rmsd,mean_rmsd,std_rmsd,ccc,inversion_ratio,wd_N-CA,wd_CA-C,wd_C-N,wd_CA-CB
2,3,train_both,1.1679480075836182,1.2147549390792847,0.24136315286159515,0.9671094226286613,0.0845,0.13353360617600668,0.14073667824341654,0.15087158244616608,0.14245132157243134
3,3,train_both,1.0736567974090576,1.1017063856124878,0.17413131892681122,0.9777505103406497,0.55075,0.09447365550505044,0.10265656965630851,0.1094333958763955,0.10015137813888698
4,3,train_both,1.2641046047210693,1.2922861576080322,0.182972714304924,0.972925992110563,0.0,0.18405160405046506,0.18190626566482443,0.18852301406911143,0.19701588017226096
5,3,train_both,1.072244644165039,1.1003769636154175,0.17507748305797577,0.9891119985575044,0.213,0.11657054445402826,0.11667869544056535,0.11460540929573818,0.11920699771681333
6,3,train_both,1.1965616941452026,1.2217985391616821,0.17847810685634613,0.9841838720958893,0.0065,0.15634916425244014,0.15842958982988292,0.1656275432388524,0.16362658433207528
7,3,train_both,1.002793312072754,1.0234535932540894,0.1375044286251068,0.9913917097180104,0.39025,0.09520198773587597,0.10201310617509114,0.10963934765927882,0.10020177307142225
8,3,train_both,1.160414457321167,1.1805860996246338,0.14722666144371033,0.9859302470320017,0.0,0.15077656096426312,0.1619478799443419,0.16174920239014995,0.15680248804891536
9,3,train_both,1.0253489017486572,1.04307222366333,0.1276865303516388,0.9904574231948837,0.379,0.11392203249392752,0.11670519187894718,0.11826154385294352,0.12519277847192747
10,3,train_both,0.9677491784095764,0.9813869595527649,0.11725194752216339,0.9923907486647597,0.051,0.09673971129991375,0.111082695861865,0.11325704062672406,0.10616312402408931
11,3,train_both,0.9168521165847778,0.9325211048126221,0.11403975635766983,0.9938094172034035,0.656,0.08326091695663024,0.0825952352237477,0.0819098597439605,0.0885534280046201
12,3,train_both,0.9604959487915039,0.9753073453903198,0.11582573503255844,0.9936283199002991,0.53275,0.09901542472994503,0.10265587711787919,0.1089533882897194,0.09834577084879753
13,3,train_both,0.9201512336730957,0.9382746815681458,0.11280552297830582,0.9943143150328732,0.6705,0.08271393029820992,0.08649183425003808,0.09003948888284315,0.09061389973934185
14,3,train_both,0.9074927568435669,0.9199929237365723,0.10904665291309357,0.9941653154529897,0.488,0.0832723128626664,0.09402512652600024,0.0972889591617971,0.08303349964416376
15,3,train_both,1.1054537296295166,1.1218440532684326,0.13116231560707092,0.986291923651813,0.03525,0.15285330779838996,0.17769056172743128,0.17645634572670155,0.15616000263814261
16,3,train_both,1.077800989151001,1.0992299318313599,0.13780277967453003,0.9896500356241926,0.0,0.1409703078170987,0.14990980971819845,0.15148844579532889,0.1386300543220266
17,3,train_both,0.9366594552993774,0.9489271640777588,0.10687877237796783,0.9941385634805365,0.566,0.08903798176027683,0.09794494683992802,0.09995180483881397,0.0931443871692837
18,3,train_both,0.9372814893722534,0.9513319730758667,0.10972606390714645,0.993967911170727,0.58125,0.09459389192034712,0.09909391756642191,0.09928498908944886,0.09730883388586287
19,3,train_both,0.9492052793502808,0.9626412987709045,0.11169271916151047,0.9945042777147727,0.47125,0.09538883027589501,0.10190654284865494,0.10628098964736024,0.10216754075838834
20,3,train_both,0.9406638145446777,0.9547226428985596,0.10846170783042908,0.9947795086432357,0.0,0.09820585782393736,0.09994377422290145,0.09734134891818033,0.10174738417117286
var,run,key,median_rmsd,mean_rmsd,std_rmsd,ccc,inversion_ratio,wd_N-CA,wd_CA-C,wd_C-N,wd_CA-CB
2,4,train_both,1.1702659130096436,1.2164474725723267,0.23804612457752228,0.9637133188950997,0.0,0.1488011590058848,0.15313374816535513,0.1632226266103473,0.15058680806318828
3,4,train_both,1.1118664741516113,1.1385937929153442,0.1828884482383728,0.974968193009109,0.64925,0.10517380173425515,0.11270978338646462,0.11105534143064918,0.10553960574401883
4,4,train_both,1.0618407726287842,1.083890438079834,0.14756155014038086,0.9866804969022526,0.5,0.10833443563850907,0.10654142650741949,0.11295986242680976,0.11049663563771286
5,4,train_both,1.1081126928329468,1.1392810344696045,0.17170262336730957,0.9873981701696861,0.1275,0.1219276593055542,0.1290821501993888,0.13204153768170115,0.1185433251858884
6,4,train_both,1.1862411499023438,1.2089673280715942,0.16925334930419922,0.9826116986537489,0.0,0.16568284117127824,0.16891570489913704,0.17904633870243014,0.17010412729119606
7,4,train_both,0.9995337128639221,1.0210003852844238,0.1382659524679184,0.9916063255147868,0.44,0.09569792175194086,0.10401685006024841,0.11612061115863542,0.09928498330843694
8,4,train_both,1.043405294418335,1.0612467527389526,0.12270528078079224,0.9900081308095614,0.3325,0.09958850353587101,0.107631409784685,0.10894539305284931,0.10674504581853854
9,4,train_both,1.0274779796600342,1.0424911975860596,0.1242876648902893,0.9917554641805262,0.2365,0.11521657284936553,0.11396322106613496,0.11727480223881298,0.12371146165720302
10,4,train_both,0.9724647402763367,0.9845499396324158,0.11472712457180023,0.9928756167094375,0.327,0.09656183122584777,0.09494315954645595,0.10147023279001562,0.10344429109106187
11,4,train_both,1.0180766582489014,1.031021237373352,0.1171782836318016,0.992621705616385,0.04225,0.12135900590269555,0.13128990825032158,0.12216387909461546,0.12251402805574933
12,4,train_both,0.9565746188163757,0.9704587459564209,0.113405242562294,0.9920287971853523,0.02275,0.05282760151502941,0.054686557083622994,0.05673394124389307,0.05435213114690939
13,4,train_both,1.3274271488189697,1.3614345788955688,0.19598501920700073,0.9775440667913283,0.0,0.24649514218538682,0.24991005665993898,0.24881348317463395,0.2625060270022163
14,4,train_both,0.9425204992294312,0.957597553730011,0.11575452238321304,0.9942779047276707,0.40975,0.09580359120167434,0.10460424051071941,0.11404959452297292,0.10267521840880062
15,4,train_both,0.9587348699569702,0.9748735427856445,0.11447566002607346,0.9927337421804402,0.4335,0.09846881350490407,0.10562190820893491,0.1115136731045297,0.10486977047232983
16,4,train_both,1.0333032608032227,1.051379680633545,0.12968745827674866,0.9903298945712515,0.099,0.13665381063068244,0.1378781326511954,0.15316439441054067,0.14553756790361394
17,4,train_both,0.941871166229248,0.9561450481414795,0.106980100274086,0.9941516369331973,0.00025,0.08925086530606594,0.1033763399602208,0.10046094054601427,0.10138215128976551
18,4,train_both,0.9598283171653748,0.9748052954673767,0.12845751643180847,0.9924571497648476,0.3245,0.09684422878378851,0.09798685320764255,0.1068898913597928,0.10825327584368656
19,4,train_both,1.0339797735214233,1.0482879877090454,0.1169186383485794,0.9932127998019377,0.07575,0.1246831924827872,0.13863679803077772,0.14624295782672525,0.12669790321855023
20,4,train_both,0.9080063700675964,0.9219579696655273,0.11112793534994125,0.9949305041362994,0.03325,0.0855652236574047,0.092076928287118,0.09529938020392276,0.09329133087047556
var,run,key,median_rmsd,mean_rmsd,std_rmsd,ccc,inversion_ratio,wd_N-CA,wd_CA-C,wd_C-N,wd_CA-CB
2,5,train_both,1.1581776142120361,1.2045578956604004,0.23468242585659027,0.9659744696492808,0.16875,0.1262816777594335,0.12666385575908606,0.12575574498946585,0.1349401327671555
3,5,train_both,1.1593844890594482,1.1894451379776,0.19976520538330078,0.9716954723969405,0.17325,0.12867762277560896,0.13315628021029702,0.13574430754976208,0.13835709176044572
4,5,train_both,1.0685153007507324,1.093212366104126,0.14973384141921997,0.9871195867981502,0.5555,0.11091875083865596,0.12184900107567186,0.1230012953960114,0.10952668827725215
5,5,train_both,1.1410183906555176,1.1688889265060425,0.15659503638744354,0.9869014981543334,0.0295,0.13881987027703302,0.16118980487641504,0.16165700909811492,0.14216814889463242
6,5,train_both,1.211276650428772,1.235811471939087,0.1775943487882614,0.981218008033865,0.0,0.18008434620759628,0.18388285231113283,0.19602486959187726,0.17840153391117725
7,5,train_both,1.0130270719528198,1.0329416990280151,0.13546311855316162,0.9911360864781068,0.36625,0.09426424649436227,0.10453817048424197,0.11394931559355229,0.09735096152295701
8,5,train_both,1.0340361595153809,1.0536950826644897,0.1270776093006134,0.9894228396750657,0.01225,0.1023425460940971,0.11457689588964498,0.10521254597909739,0.10189148651855881
9,5,train_both,1.0015430450439453,1.0190871953964233,0.131881445646286,0.99228923757249,0.29375,0.1202282901876851,0.11854408723900181,0.12263754527621752,0.127078861112127
10,5,train_both,0.952055811882019,0.9639947414398193,0.10983072966337204,0.9935469017642543,0.14475,0.09029567614029797,0.10494467611191476,0.10548873965082464,0.09449873012403767
11,5,train_both,0.9773662686347961,0.993720531463623,0.11988016963005066,0.993480724421901,0.259,0.11382680896079721,0.1135731213048901,0.11378577523859257,0.12200834051847122
12,5,train_both,0.9446203708648682,0.9605230689048767,0.11307816207408905,0.9939369016853223,0.49625,0.09090202500795588,0.09937827326659981,0.09944692532793369,0.09695722141526812
13,5,train_both,1.3083914518356323,1.3446085453033447,0.19931282103061676,0.9751674837894323,0.0,0.24328001624857032,0.2458724382224627,0.2532010223117168,0.25611546603393165
14,5,train_both,0.9454836845397949,0.9572298526763916,0.10933271050453186,0.9936257630061138,0.4045,0.09284148637286349,0.10330423005492138,0.1082985406590181,0.09781258589626571
15,5,train_both,0.9112735986709595,0.9254197478294373,0.10747366398572922,0.9940806713588727,0.4315,0.09308644634647205,0.10931523288390887,0.11076654153902504,0.10015934025567566
16,5,train_both,0.9894548654556274,1.0033167600631714,0.11299557983875275,0.9935707737727819,0.3535,0.11080478357346375,0.12683309521445982,0.12621986197743473,0.11684916904298895
17,5,train_both,0.963796854019165,0.9798116683959961,0.10998127609491348,0.9937006580596969,0.40225,0.09212029978828133,0.10130480808347,0.10652357145604355,0.09611506684139492
18,5,train_both,0.9356634616851807,0.9538066387176514,0.12153665721416473,0.9934511472808218,0.442,0.09367382048384143,0.09477412740886204,0.09882740165898157,0.1000042192986991
19,5,train_both,1.0277048349380493,1.0441060066223145,0.13157899677753448,0.9920087590319242,0.177,0.11395967915013985,0.12837088309376754,0.12428899698440701,0.11937899473878172
20,5,train_both,1.0143779516220093,1.0280253887176514,0.118172787129879,0.9928636789792714,0.14475,0.12560299378050416,0.13441010937907094,0.12855265245913025,0.135222779286148
var,run,key,median_rmsd,mean_rmsd,std_rmsd,ccc,inversion_ratio,wd_N-CA,wd_CA-C,wd_C-N,wd_CA-CB
2,6,train_both,1.1761271953582764,1.2250009775161743,0.24163542687892914,0.9690914748709386,0.0,0.153436935411847,0.15926629436646897,0.1704326355964234,0.1533335841314947
3,6,train_both,1.0623893737792969,1.09285569190979,0.18563754856586456,0.9783065203484269,0.59575,0.08463140320993988,0.09435802813696112,0.0966667364356151,0.09351281373669172
4,6,train_both,1.1088486909866333,1.1335092782974243,0.16380392014980316,0.9867435398151465,0.47925,0.10232454936400695,0.11520215822930192,0.11497658756624585,0.10954033905875309
5,6,train_both,1.1400220394134521,1.1694468259811401,0.16882862150669098,0.9838584130665106,0.0,0.14011203130545602,0.14527727492069262,0.14574656670221003,0.15071698781343107
6,6,train_both,1.17691969871521,1.1985543966293335,0.1735263615846634,0.9832233896400152,0.05825,0.17810716927600134,0.18352878764365504,0.20269515970356347,0.18115251794611792
7,6,train_both,1.012163758277893,1.032238483428955,0.1415402740240097,0.9913835764321055,0.52175,0.09315839662222143,0.10289479121551318,0.11039052765091048,0.10023489271417738
8,6,train_both,1.0514724254608154,1.0699228048324585,0.13265372812747955,0.991402225026071,0.19675,0.10131686270630802,0.11005185954265514,0.11529672260375687,0.10495003950250527
9,6,train_both,1.0332186222076416,1.049634575843811,0.12810282409191132,0.9901821871155682,0.285,0.11958520603273723,0.12589925633514953,0.12817806658174385,0.12972325696731454
10,6,train_both,1.0140619277954102,1.0289733409881592,0.12576168775558472,0.9914089182840762,0.1905,0.1134732822045531,0.12377633193092617,0.13387388830712277,0.11256249948461981
11,6,train_both,0.9379029870033264,0.9531399011611938,0.11318421363830566,0.9942786010609925,0.465,0.08950331270428773,0.08866184606515644,0.09357667029298701,0.09370264677320525
12,6,train_both,0.9934223890304565,1.009937047958374,0.12500427663326263,0.9932991506883737,0.35925,0.10210931233822597,0.10533347039407202,0.10720106583559447,0.10439187082673611
13,6,train_both,1.333537220954895,1.3682541847229004,0.21052274107933044,0.977181875727153,0.0,0.26026383026227484,0.2671939209683054,0.25383905584410443,0.25290910800221017
14,6,train_both,1.0091655254364014,1.0237574577331543,0.11543936282396317,0.9917605082351489,0.20925,0.12091456153804706,0.1226870419173299,0.13497942711661837,0.12189359647705582
15,6,train_both,0.9515966176986694,0.9662094712257385,0.11085435003042221,0.9930048263411384,0.53675,0.09193682495013587,0.10453106751463424,0.1106303362882389,0.09341424103538198
16,6,train_both,0.94880610704422,0.9662883281707764,0.11416857689619064,0.9939538542224872,0.594,0.09082203052042062,0.1010377095529055,0.1013906298300782,0.10323550099604564
17,6,train_both,0.9135409593582153,0.9273806214332581,0.10370620340108871,0.994623309933285,0.549,0.0783353934936946,0.08980603176587659,0.09683868779375351,0.08756666831365365
18,6,train_both,0.9927182197570801,1.0122284889221191,0.13770891726016998,0.9916365071029145,0.1575,0.11231921073306746,0.12150645182287274,0.12613632114658796,0.11957330233558684
19,6,train_both,1.0531615018844604,1.064694881439209,0.1297483891248703,0.9917788268246073,0.00575,0.12949464280547857,0.1374613764149649,0.14166461788261203,0.12720992661927183
20,6,train_both,1.0685153007507324,1.0808279514312744,0.12600351870059967,0.9905188413362137,0.0,0.1363583567074458,0.14107778007514948,0.13726954694827503,0.1456600746218987
var,run,key,median_rmsd,mean_rmsd,std_rmsd,ccc,inversion_ratio,wd_N-CA,wd_CA-C,wd_C-N,wd_CA-CB
2,7,train_both,1.1527305841445923,1.1820712089538574,0.19758516550064087,0.9667368616095662,0.64525,0.10151356545268854,0.10606203660442254,0.1057559700743593,0.10550356306647046
3,7,train_both,1.1837823390960693,1.2137099504470825,0.2036474645137787,0.9689253505650064,0.0495,0.14935092207051173,0.15358217362138438,0.15987836719794335,0.168325861577789
4,7,train_both,1.161794662475586,1.1878582239151,0.1668570339679718,0.983639915098687,0.212,0.14099225579873934,0.14143975543726495,0.14250123175044777,0.15117074882209092
5,7,train_both,1.0906200408935547,1.1170274019241333,0.15257366001605988,0.988872770474144,0.18625,0.12048286510581158,0.11582340472546204,0.11728920823650071,0.12934216076842217
6,7,train_both,1.2032396793365479,1.2266221046447754,0.17709007859230042,0.9824617395425891,0.00325,0.1606697107669161,0.17339587507225585,0.18601697405789736,0.1663103095411983
7,7,train_both,1.013458490371704,1.035632610321045,0.1428031027317047,0.9910108996521393,0.2375,0.0959931550427283,0.10346305670469001,0.1069050705699302,0.10391645071693045
8,7,train_both,1.0147225856781006,1.0336976051330566,0.1306838095188141,0.9902875433998773,0.41875,0.10187422438574527,0.10480725247307204,0.10856246245371326,0.10437828163258395
9,7,train_both,0.9466540217399597,0.9606741070747375,0.11836118996143341,0.9920104968306211,0.5745,0.09134841860790077,0.09489497363384929,0.0968175414078742,0.09618682678899398
10,7,train_both,0.9578834772109985,0.9749590158462524,0.11762937903404236,0.9931447917178822,0.57075,0.08689937039822751,0.10361706231709236,0.11017953387466717,0.09713886045702078
11,7,train_both,0.943138599395752,0.9593794941902161,0.12545347213745117,0.9924939989967257,0.3845,0.1011745039297254,0.10450574967854183,0.10441779039731826,0.1039088017949952
12,7,train_both,0.983399510383606,1.001824140548706,0.12783409655094147,0.9923013435591719,0.41325,0.09670568582828182,0.0996065587431012,0.10676385405673328,0.10082726284601634
13,7,train_both,1.3299052715301514,1.3638155460357666,0.21065948903560638,0.9768172868052816,0.0,0.2511022468555919,0.26105836639863594,0.25516978297737947,0.26536082688544027
14,7,train_both,0.9354454874992371,0.9507613778114319,0.11637017875909805,0.9938299384865867,0.43975,0.09282030833605032,0.10345997870376752,0.11292974910392942,0.09415806848827943
15,7,train_both,1.0352752208709717,1.0502290725708008,0.1282672882080078,0.9902875540903123,0.273,0.12595734685329715,0.1355700710552494,0.13293266411709231,0.12819573575004894
16,7,train_both,1.051029086112976,1.0700185298919678,0.1303829699754715,0.9897257163245771,0.1645,0.11982221914455282,0.14120050664888847,0.13796196068298505,0.127384439534632
17,7,train_both,0.9530652165412903,0.9666057229042053,0.11345155537128448,0.9941456077948252,0.18525,0.09549476983483454,0.11091480812330654,0.11781013572282253,0.10672105321218907
18,7,train_both,0.9416854977607727,0.9563212394714355,0.1168196052312851,0.9938082799934727,0.4245,0.09575450993859523,0.09676335677072759,0.10034757383527462,0.10133282591800392
19,7,train_both,1.0342333316802979,1.0468446016311646,0.13503560423851013,0.9930273231672255,0.01975,0.11752906062586117,0.1313481268352515,0.12978175443104772,0.12344545303813884
20,7,train_both,0.9995920062065125,1.0134646892547607,0.12009617686271667,0.9928581863480626,0.0,0.1223789909394368,0.12681375224040542,0.13035945947129923,0.13032708711471752
var,run,key,median_rmsd,mean_rmsd,std_rmsd,ccc,inversion_ratio,wd_N-CA,wd_CA-C,wd_C-N,wd_CA-CB
2,8,train_both,1.1369508504867554,1.16567063331604,0.19477251172065735,0.9698349998366489,0.68725,0.09645721252034144,0.10035780143972663,0.09988220448570677,0.10156632895120231
3,8,train_both,1.1993588209152222,1.2273576259613037,0.20066766440868378,0.9688045118387772,0.013,0.1715304170448922,0.16779459405908656,0.17827977468157097,0.17376680231606717
4,8,train_both,1.0812828540802002,1.1042664051055908,0.15880084037780762,0.9862869428355429,0.5535,0.11182396470747663,0.11612927119878862,0.11465651831867552,0.11066414273222915
5,8,train_both,1.0576064586639404,1.0798261165618896,0.14499959349632263,0.9899000100921532,0.605,0.10169538171955926,0.10925250088558618,0.11236119951991524,0.11328692129175064
6,8,train_both,1.1882290840148926,1.2121814489364624,0.17278531193733215,0.9832607509646778,0.0,0.16085267285266536,0.16687147417078058,0.17470618091458073,0.16045049637760156
7,8,train_both,1.1999175548553467,1.2222545146942139,0.18424570560455322,0.982596225975942,0.0,0.15425293365449927,0.16877037552554897,0.1639387959990939,0.1746930537039943
8,8,train_both,1.0409449338912964,1.0604865550994873,0.12923933565616608,0.990854390837593,0.0,0.10774891035427568,0.11172733403969058,0.11348555715820861,0.1078295528091474
9,8,train_both,0.9541652202606201,0.965972363948822,0.11086094379425049,0.9935955043063895,0.566,0.10771759009934978,0.10459717613684548,0.10493821171017514,0.11067096634753402
10,8,train_both,0.9562699198722839,0.9701536893844604,0.12800340354442596,0.9931589750178025,0.62475,0.08224815963549661,0.09560679546596154,0.09503231164105157,0.09000120559614164
11,8,train_both,0.9495735764503479,0.9652514457702637,0.12244412302970886,0.9937846026515768,0.3835,0.10375798953815593,0.09916496636383482,0.10169215309923643,0.11312314903941625
12,8,train_both,0.9947707653045654,1.0092471837997437,0.11892189830541611,0.9920336669482991,0.2735,0.09706774884105167,0.09843206518111881,0.103491706414131,0.10178465740119935
13,8,train_both,1.3434422016143799,1.3741341829299927,0.21141976118087769,0.9767123643478284,0.0,0.26218273505404216,0.2709936369616515,0.2529719800354815,0.2669639847833122
14,8,train_both,0.9530040621757507,0.9667168259620667,0.11290998011827469,0.9932450138418711,0.4355,0.0969450998724583,0.10829894610848137,0.10990153161342767,0.10286066834500963
15,8,train_both,0.9336995482444763,0.9500480890274048,0.11000911891460419,0.9925588629441577,0.48825,0.08968573158098377,0.10046494544825121,0.10264759663817982,0.09433400414422415
16,8,train_both,1.069496512413025,1.0917493104934692,0.14184004068374634,0.9893555250727213,0.00875,0.13146341320439275,0.1430879267876885,0.13578655583560556,0.13772142741726892
17,8,train_both,0.9359748363494873,0.9502832889556885,0.11393913626670837,0.9939545353687547,0.375,0.08984496012296386,0.09816194405992347,0.10158971807956177,0.0973607527331194
18,8,train_both,0.938151478767395,0.950819730758667,0.1124560534954071,0.9935239046972718,0.41725,0.09622637715756707,0.10525906195172727,0.10646425534921525,0.10455200967009667
19,8,train_both,0.8899202346801758,0.9029770493507385,0.1087597906589508,0.9951590619842673,0.368,0.08586319422287952,0.08878214692565432,0.10056933301090012,0.09110220390007431
20,8,train_both,0.9170109629631042,0.9289484620094299,0.1114826649427414,0.9949120275116664,0.006,0.09803995635056147,0.09489782168775002,0.0969015821271722,0.10475098065857413
var,run,key,median_rmsd,mean_rmsd,std_rmsd,ccc,inversion_ratio,wd_N-CA,wd_CA-C,wd_C-N,wd_CA-CB
2,9,train_both,1.1287460327148438,1.1584755182266235,0.19351811707019806,0.9692810443471962,0.66275,0.09562902049713456,0.10092060698648961,0.10095816074033204,0.09845130706580363
3,9,train_both,1.175705909729004,1.2026379108428955,0.19805122911930084,0.971264601248751,0.0,0.13625807304306128,0.1488905040925621,0.1504931315057096,0.14606488278654559
4,9,train_both,1.0406930446624756,1.0630879402160645,0.14491890370845795,0.9883906196075286,0.63625,0.08860816850481684,0.09791862445288849,0.10384753154226732,0.08964705854332466
5,9,train_both,1.0720000267028809,1.0948351621627808,0.14803119003772736,0.9890030855657206,0.47375,0.1104665620643261,0.11415467480267469,0.1276347748809023,0.11791035298813096
6,9,train_both,1.1712862253189087,1.1937751770019531,0.1640971451997757,0.9843840507740639,0.0995,0.15663583873722964,0.1667537151360261,0.17164070353683103,0.15072338639426797
7,9,train_both,1.0124804973602295,1.031920313835144,0.1352384239435196,0.9919349150501099,0.27875,0.09952778200582255,0.10378771086945046,0.1058669843910253,0.10554089212715324
8,9,train_both,0.95709228515625,0.9736378788948059,0.11780284345149994,0.9924233085486088,0.565,0.08285947918381283,0.08791161522124334,0.09004076639425714,0.08595219411400448
9,9,train_both,0.9776941537857056,0.9916602373123169,0.11804370582103729,0.9922583207405536,0.4375,0.09405789842268188,0.1013955043900665,0.10061853973578605,0.09905752030355608
10,9,train_both,0.985293984413147,1.0032825469970703,0.1277933567762375,0.9935036992390627,0.53075,0.09146725913741183,0.09974348308117856,0.10105583044345309,0.09623306544011088
11,9,train_both,0.9275628924369812,0.9432593584060669,0.11252021789550781,0.9946833121887726,0.274,0.08952797290618864,0.08913351564185626,0.0940183560057638,0.09150452652989292
12,9,train_both,0.9551419019699097,0.9710083603858948,0.11536556482315063,0.9927169255847882,0.5905,0.09411717527628255,0.09103929654213028,0.09119282825746557,0.09409787649625169
13,9,train_both,0.9484068155288696,0.9652761220932007,0.11910419911146164,0.9939582414635882,0.3505,0.09786255319723416,0.09632767586673466,0.09795964208778438,0.10330069690805757
14,9,train_both,0.9385862350463867,0.954229474067688,0.12188238650560379,0.9934789158940198,0.35275,0.08867672387574464,0.1030506626513171,0.10966501594462998,0.09553422895834894
15,9,train_both,0.9097055196762085,0.9237807393074036,0.10635170340538025,0.9942752328430988,0.47475,0.08265216483185993,0.09121158863928008,0.09640138731749909,0.09249385662792581
16,9,train_both,1.0568348169326782,1.074123740196228,0.1340406984090805,0.9874142765114697,0.286,0.1287071919883314,0.12696138910050725,0.13096964078552922,0.12928400902162004
17,9,train_both,0.9232808947563171,0.9379720687866211,0.10805022716522217,0.9944873141122123,0.60075,0.08327336847949213,0.09465660149762203,0.09516248995517679,0.09010136593679333
18,9,train_both,0.9666948318481445,0.9845318794250488,0.12076495587825775,0.9917638533129182,0.47525,0.10258322265358039,0.11181291291804756,0.11168173835122383,0.10096271010905841
19,9,train_both,1.0515832901000977,1.0656299591064453,0.12749157845973969,0.9918655538853625,0.078,0.12894535246961986,0.1377003651197395,0.14377230979870026,0.1312604579691228
20,9,train_both,0.9607992172241211,0.9752112030982971,0.11345598846673965,0.9946420051809897,0.2345,0.11418780218211408,0.11053125017690446,0.11428120609436497,0.11994123295148466
var,run,key,median_rmsd,mean_rmsd,std_rmsd,ccc,inversion_ratio,wd_N-CA,wd_CA-C,wd_C-N,wd_CA-CB
2,10,train_both,1.155003309249878,1.2065722942352295,0.2518966794013977,0.9695772853236563,0.2395,0.1317296732723272,0.14550752506039408,0.15037914292076432,0.1407186408899255
3,10,train_both,1.0763130187988281,1.1136629581451416,0.20482616126537323,0.976851797726798,0.69075,0.09531839808805909,0.09745027142785315,0.11146435347425032,0.09770924730449718
4,10,train_both,1.0720815658569336,1.0940395593643188,0.1494269073009491,0.9880347967348331,0.566,0.11346204824838144,0.11035392782913234,0.1118191924263648,0.11294401757522342
5,10,train_both,1.1289783716201782,1.1553171873092651,0.1558227241039276,0.9870137105527738,0.0035,0.13299489992608057,0.1414273643946612,0.14804820099025073,0.1438359138495209
6,10,train_both,1.0418962240219116,1.0613669157028198,0.13552214205265045,0.9890894049811769,0.53025,0.10345967660791477,0.12483112210950041,0.12948202423538613,0.11660159314536406
7,10,train_both,1.025007724761963,1.0479917526245117,0.14212113618850708,0.9908129151944358,0.458,0.10402179672356773,0.1115737942904831,0.11755627983426578,0.11283585393361711
8,10,train_both,1.028979778289795,1.045576572418213,0.13166987895965576,0.9915500726417271,0.46525,0.09351567428693743,0.10354306580281414,0.103785532237569,0.10183888812761469
9,10,train_both,1.009627342224121,1.0259836912155151,0.1190127432346344,0.9923663464764788,0.331,0.10824939477604827,0.109802341519951,0.11278299935947933,0.11380964547932435
10,10,train_both,0.9895726442337036,1.0050503015518188,0.12268396466970444,0.9924293790103847,0.414,0.0953641562151766,0.10483888611459181,0.11220680331719873,0.10551111563325154
11,10,train_both,0.9474539756774902,0.9630817770957947,0.11705656349658966,0.993531986337243,0.23925,0.11319636082766024,0.09521224734008962,0.10404059807592236,0.11621146811410711
12,10,train_both,0.9761730432510376,0.9966146349906921,0.1319359540939331,0.9923828238110606,0.47225,0.09856138522498047,0.09628065615991298,0.10341321924144234,0.09699834108519712
13,10,train_both,0.9442501664161682,0.9602469205856323,0.11652073264122009,0.9940298125481086,0.6405,0.05309169065331705,0.05527841303255452,0.058301363086028866,0.04995470193567069
14,10,train_both,1.0642802715301514,1.0805376768112183,0.11662672460079193,0.9903433076731393,0.0895,0.13077554089660193,0.137322405089963,0.14732274171207183,0.1308922524732358
15,10,train_both,0.903825044631958,0.9149852395057678,0.10692243278026581,0.9952646197233441,0.62225,0.0794945120169552,0.09526726971393831,0.09914814367593883,0.0896145379439897
16,10,train_both,0.9256762266159058,0.9424765706062317,0.10932719707489014,0.9946392791012287,0.5835,0.09336400749222373,0.10817014660127891,0.11379820621921469,0.10442259762134465
17,10,train_both,0.9529429078102112,0.9694072008132935,0.10669807344675064,0.9938306510806556,0.5115,0.093193607294511,0.10542712070963402,0.10645973198238004,0.10034354719370188
18,10,train_both,0.9821542501449585,1.002191185951233,0.1319575160741806,0.9903576746448508,0.19325,0.10845279695299924,0.11840338805974271,0.12395791124616999,0.11774058479519897
19,10,train_both,1.0595057010650635,1.0736780166625977,0.13244906067848206,0.9919218849059461,0.02325,0.139036786379755,0.14241049603018605,0.15267248730020758,0.13559462257512203
20,10,train_both,0.9205628037452698,0.9334633946418762,0.10888800024986267,0.9947433954752135,0.01925,0.1008967782982991,0.09834683252497664,0.10447048160961489,0.11454023223390959
var,run,key,median_rmsd,mean_rmsd,std_rmsd,ccc,inversion_ratio,wd_N-CA,wd_CA-C,wd_C-N,wd_CA-CB
2,11,train_both,1.1266014575958252,1.1623544692993164,0.2010851353406906,0.9710085747179702,0.431,0.10390326018625483,0.11263558244034323,0.11385870303881765,0.10715291874882044
3,11,train_both,1.13592529296875,1.164056658744812,0.19395031034946442,0.9760326374951112,0.0,0.12131633308201657,0.12431962815987563,0.13601362044615417,0.12809269129306605
4,11,train_both,1.1030261516571045,1.127931833267212,0.15426741540431976,0.9874166835330126,0.40125,0.11195684129470268,0.11212354803928834,0.11896432223967307,0.11287457822920101
5,11,train_both,1.0755006074905396,1.1016873121261597,0.1519336998462677,0.9893936037038733,0.0855,0.11040635447045136,0.11105315101206784,0.1097989917693002,0.11384188355761635
6,11,train_both,1.0112133026123047,1.0284348726272583,0.12945692241191864,0.9919911103216753,0.45925,0.09263062698116148,0.10235447535361215,0.10660735431811215,0.1011846439976441
7,11,train_both,1.1704400777816772,1.192903995513916,0.15794582664966583,0.9837423730761892,0.0,0.1567082626061253,0.15841449725677326,0.16300551554401338,0.16467746536885058
8,11,train_both,1.0617859363555908,1.0817500352859497,0.12996383011341095,0.9886029123597442,0.01025,0.13728670372314375,0.14345088382312515,0.14034389157273264,0.1348335793996346
9,11,train_both,1.0228736400604248,1.0397270917892456,0.12860891222953796,0.9913850089472122,0.2985,0.12438915491974502,0.12016785024399766,0.1294466226659502,0.13130781435577057
10,11,train_both,1.0269957780838013,1.0469167232513428,0.13909684121608734,0.9921443698903472,0.19125,0.11403833524574201,0.12409729211176468,0.12958008946552924,0.1240092363197179
11,11,train_both,0.9446203708648682,0.9595986604690552,0.11030518263578415,0.9939427122278621,0.37825,0.10503088715765423,0.10627809712919901,0.10442667787235407,0.10304834171790415
12,11,train_both,0.9489903450012207,0.9644293189048767,0.1218273863196373,0.9935842370399928,0.6,0.08837259126702651,0.09108925712165725,0.09116875288297153,0.09274521386951806
13,11,train_both,0.9760834574699402,0.9984729290008545,0.14081339538097382,0.9923847583075224,0.378,0.11111798283660629,0.11338480598938985,0.11556417427546076,0.11974203912682507
14,11,train_both,0.9592210054397583,0.9729289412498474,0.11246230453252792,0.9935499859730438,0.45375,0.0933685776556775,0.1044424378643457,0.1107545783661216,0.10113151746425754
15,11,train_both,0.9361305236816406,0.9505948424339294,0.11214998364448547,0.9931023323784941,0.49475,0.08666183364375143,0.09344206052041643,0.10211547566114706,0.09086287986640104
16,11,train_both,1.014406681060791,1.0304385423660278,0.12569913268089294,0.9923469060125283,0.265,0.11773687520403286,0.12165592310513687,0.12427611898770133,0.13096202202939827
17,11,train_both,0.8927642107009888,0.9046224355697632,0.10248402506113052,0.9939558421049485,0.64575,0.07562963224612447,0.0820839378846728,0.08664876593141857,0.08166929787705163
18,11,train_both,0.92482590675354,0.938379168510437,0.1140257716178894,0.9941259192936206,0.3785,0.0896087778504741,0.09606942706245675,0.10243772358138016,0.09016209232504081
19,11,train_both,1.0423715114593506,1.0577865839004517,0.12899664044380188,0.992206436289895,0.07125,0.13229692961650646,0.1495175650038412,0.15052159421263628,0.13259387898271546
20,11,train_both,0.9003689885139465,0.915634274482727,0.11328775435686111,0.9951168793453203,0.4115,0.09224390127789023,0.0900965836762665,0.09335107745570262,0.10379520024167808
var,run,key,median_rmsd,mean_rmsd,std_rmsd,ccc,inversion_ratio,wd_N-CA,wd_CA-C,wd_C-N,wd_CA-CB
2,12,train_both,1.1119976043701172,1.1414884328842163,0.1905377358198166,0.9710948333731152,0.637,0.09092689332516041,0.09609447714118216,0.09332531028135832,0.09228691504297004
3,12,train_both,1.1625468730926514,1.1920431852340698,0.19654980301856995,0.9745365439011693,0.089,0.1365056094370048,0.13954089392172672,0.14568589995158931,0.14288557700880375
4,12,train_both,1.0962427854537964,1.1194922924041748,0.1504248082637787,0.986444803509313,0.569,0.10554023252085745,0.11264853896822973,0.11006317212004131,0.10679868019576795
5,12,train_both,1.094487190246582,1.119016408920288,0.14936400949954987,0.9886691021523659,0.022,0.12361057302111117,0.13806124288323654,0.13000795030096599,0.1276760492491907
6,12,train_both,1.1797633171081543,1.2025870084762573,0.17000438272953033,0.9829867205774241,0.0125,0.1479067333492386,0.16774171075578237,0.17854228516055226,0.15986143666460778
7,12,train_both,0.998308539390564,1.0191078186035156,0.13646401464939117,0.9927325955653913,0.5225,0.08807260834839137,0.09765773129667789,0.10671443422415094,0.09707979462872401
8,12,train_both,0.9477307200431824,0.9619816541671753,0.11046623438596725,0.9933433925268796,0.65825,0.0747981040670922,0.08593592160481545,0.0841724591821758,0.08505789476730187
9,12,train_both,1.0376367568969727,1.054227352142334,0.13230685889720917,0.9909980481557386,0.0355,0.12971546463896816,0.13399921870570897,0.14438261032601352,0.14347143161803083
10,12,train_both,1.049752950668335,1.0662038326263428,0.1331048458814621,0.9920441822045609,0.00125,0.11169830682238632,0.12339921578425633,0.129800078508786,0.12916126551275478
11,12,train_both,0.9586740732192993,0.9748713970184326,0.1175255998969078,0.9926316293617307,0.06475,0.11347138790435893,0.10730993468584635,0.10750876753410732,0.11080346511099812
12,12,train_both,1.0168452262878418,1.0327754020690918,0.12283769249916077,0.9922130851213918,0.27,0.11149177227378561,0.11400278781435412,0.12112834541020492,0.11345747431722138
13,12,train_both,0.9104418754577637,0.9258762001991272,0.11316612362861633,0.9937743809406887,0.41725,0.04317243069303764,0.04640332386968342,0.044860639088248805,0.04261378493307335
14,12,train_both,0.9226810932159424,0.9363875985145569,0.11152680218219757,0.9935540406455856,0.46925,0.08966463633996656,0.09542899032454995,0.10522285160225824,0.09217857025875258
15,12,train_both,0.9431386590003967,0.9566439390182495,0.11188352853059769,0.9933392233723969,0.4975,0.09326380995256088,0.10171750683418444,0.10581529638477506,0.09412118943701842
16,12,train_both,1.0332751274108887,1.0513418912887573,0.12367812544107437,0.9906310152565546,0.0195,0.12935594053175162,0.1397789205221515,0.14553562669630318,0.13399495140469211
17,12,train_both,0.9568791389465332,0.972415566444397,0.10925108194351196,0.9939141136650794,0.17775,0.09884872415839972,0.11054469657254594,0.11457900339089044,0.10693427739933065
18,12,train_both,0.9528818130493164,0.9696043133735657,0.11604936420917511,0.9924934001516883,0.2875,0.10912246745122788,0.10348622059620907,0.11098579550415073,0.11174250985518729
19,12,train_both,1.0640337467193604,1.0788395404815674,0.13074991106987,0.9914897691493875,0.05475,0.13798709155890637,0.1576288454588078,0.15847797509009431,0.13814992967553852
20,12,train_both,0.9618903398513794,0.9754804968833923,0.11098363995552063,0.9939654946395432,0.0,0.10075963141433511,0.11150890724937637,0.10901555130338515,0.11258310193225965
var,run,key,median_rmsd,mean_rmsd,std_rmsd,ccc,inversion_ratio,wd_N-CA,wd_CA-C,wd_C-N,wd_CA-CB
2,13,train_both,1.1577749252319336,1.2019777297973633,0.2323070913553238,0.9713509081606561,0.0,0.12110969142121365,0.12665758161991836,0.135125029261634,0.12143741589981674
3,13,train_both,1.07091224193573,1.0992382764816284,0.177946537733078,0.9781775092957931,0.595,0.09458181049875936,0.10400580867146303,0.10296540627810348,0.10557278797984775
4,13,train_both,1.1005667448043823,1.1232924461364746,0.14528927206993103,0.9875211451798107,0.4405,0.11871844745146051,0.11366111907889752,0.11278193005909198,0.11264018817386713
5,13,train_both,1.108401894569397,1.133110523223877,0.1519896239042282,0.985304857686901,0.0005,0.1330740402352824,0.139832314846023,0.13913415222571374,0.1423181569519681
6,13,train_both,1.1803312301635742,1.2037150859832764,0.1647375077009201,0.9842641523969048,0.0,0.1569047317928774,0.17437524748815206,0.17698623195983057,0.15823144446963677
7,13,train_both,1.0148375034332275,1.035040259361267,0.14087629318237305,0.9908560701529275,0.23425,0.10207724533823381,0.10630501892174946,0.11052223617728772,0.10786460878501085
8,13,train_both,1.0144354104995728,1.0326472520828247,0.12388106435537338,0.9912228124987652,0.464,0.09286535585822556,0.10178649862288788,0.10198739577335991,0.09593630834836857
9,13,train_both,0.9883646965026855,1.002231240272522,0.11803480982780457,0.9930364229480513,0.514,0.10174857449391306,0.09974695747808153,0.10305333818402984,0.10778190237499549
10,13,train_both,1.0712931156158447,1.0907561779022217,0.12955281138420105,0.9903246950856732,0.0,0.13341589679493981,0.13778828537124005,0.14532500028830667,0.14394530456453575
11,13,train_both,0.9590690732002258,0.976866602897644,0.12946577370166779,0.9937958363098666,0.00025,0.10905145134562022,0.1118379120994401,0.11699413369883736,0.11429325812833593
12,13,train_both,0.9682307839393616,0.9845544695854187,0.1135130375623703,0.9931864306090803,0.4585,0.09148107757177254,0.09638656565615189,0.10133000318920504,0.09522607207183803
13,13,train_both,0.9244793057441711,0.9408788681030273,0.11278589069843292,0.9933887322925228,0.27475,0.04883211790163337,0.05959218546911839,0.05825567611178748,0.052430140369935374
14,13,train_both,0.922207236289978,0.9355684518814087,0.11348166316747665,0.992308795651863,0.50775,0.07704296737675742,0.09446674045841102,0.0963716316777239,0.08361444082554509
15,13,train_both,0.9531569480895996,0.9674902558326721,0.11585265398025513,0.9932901452161715,0.35125,0.1025423942051266,0.10795440267236979,0.1119712368925743,0.10641626382308075
16,13,train_both,1.0211915969848633,1.0403499603271484,0.13255693018436432,0.9903429505462719,0.0,0.11861974559788267,0.1360652121743973,0.14203115009286635,0.13675569676088936
17,13,train_both,0.9189788699150085,0.9313400983810425,0.10204452276229858,0.9942900461786284,0.4735,0.08145987228453333,0.09299439292561351,0.10198978483896495,0.09380559921760104
18,13,train_both,0.9009189605712891,0.9134904742240906,0.1089768037199974,0.9947843202656145,0.68025,0.07812395591479762,0.08580050753232615,0.09281323825090354,0.08086770785030375
19,13,train_both,1.0658669471740723,1.0822292566299438,0.12942586839199066,0.991740666935953,0.06275,0.13459747718214932,0.14438037517630184,0.1435930748420315,0.12903753875653445
20,13,train_both,1.059643268585205,1.0728212594985962,0.12282439321279526,0.9913374360637117,0.0495,0.1348188738835766,0.13239156376503125,0.1378280868357659,0.14937597143690412
var,run,key,median_rmsd,mean_rmsd,std_rmsd,ccc,inversion_ratio,wd_N-CA,wd_CA-C,wd_C-N,wd_CA-CB
2,14,train_both,1.1823291778564453,1.2175320386886597,0.23052096366882324,0.9630684651108898,0.0,0.15154287181752024,0.1525916154279035,0.15299286918143037,0.1508530879631469
3,14,train_both,1.0708034038543701,1.099127173423767,0.1776008903980255,0.9787244841275579,0.70825,0.0896480592126433,0.09485873132563903,0.10195752090371175,0.0981851057920097
4,14,train_both,1.0986058712005615,1.1206830739974976,0.14996148645877838,0.9860543258442198,0.53775,0.12383297136144239,0.12152825310789656,0.11897542606752558,0.12163880429739227
5,14,train_both,1.1146931648254395,1.1384880542755127,0.15212707221508026,0.9871241253621963,0.0215,0.13228969913964037,0.13887412495480833,0.1471069879910967,0.1366552391766481
6,14,train_both,1.2193562984466553,1.2436292171478271,0.1848771572113037,0.9808813790270733,0.0,0.16228335071744493,0.18637676754759633,0.1816394716213049,0.1764054231001815
7,14,train_both,0.9987462759017944,1.0195565223693848,0.1366976648569107,0.9916864736396458,0.446,0.09527465795461323,0.0949837365765337,0.09412709425340635,0.09899256924119418
8,14,train_both,1.0218474864959717,1.0356085300445557,0.12509708106517792,0.991410683439018,0.35525,0.10088566980906512,0.10531153451353838,0.10798116353751844,0.10502807613206969
9,14,train_both,0.9913671612739563,1.0039981603622437,0.11481782048940659,0.9927971993852307,0.5285,0.09545324089557565,0.0981493578041421,0.10409940107892178,0.09514939844877154
10,14,train_both,1.0736839771270752,1.0924147367477417,0.13779695332050323,0.9909925133689645,0.00075,0.13194693754777076,0.12442534223447817,0.12310828679543924,0.13892121009419783
11,14,train_both,0.9208160042762756,0.9363819360733032,0.11639949679374695,0.9947188640229987,0.37725,0.09104424699853672,0.08261588985363794,0.08880373455318336,0.09591152594891618
12,14,train_both,0.9669057726860046,0.9839255213737488,0.11394891887903214,0.9932044484004836,0.38775,0.09327124762484795,0.09456191195510084,0.10322309373868546,0.09942264871967378
13,14,train_both,0.9612843990325928,0.984327495098114,0.13475891947746277,0.9930650451817089,0.51225,0.10259707352843417,0.10249882389544523,0.1046358986632009,0.10983369960171424
14,14,train_both,0.9679900407791138,0.9821826219558716,0.1193767711520195,0.9934003347297822,0.35125,0.0983425838650381,0.11417918888064321,0.12023781896713231,0.10222297072819703
15,14,train_both,0.9134771823883057,0.9270852208137512,0.10603175312280655,0.9946266886914205,0.3835,0.08825055703063,0.09814097335658434,0.10853878835602393,0.09648636713576142
16,14,train_both,1.006129264831543,1.0238046646118164,0.11643783748149872,0.9925839270499435,0.446,0.10757244423327618,0.11238798513143271,0.11629186229126694,0.11890050132337125
17,14,train_both,1.0351908206939697,1.0535848140716553,0.12261184304952621,0.9912389452487863,0.0,0.12344730380228204,0.13003277657356627,0.13161575162391947,0.13443711082340773
18,14,train_both,0.9120087027549744,0.9261579513549805,0.11302345991134644,0.9929396518488139,0.1625,0.09279135402804337,0.10619680771381694,0.10903115721070863,0.1004504192176576
19,14,train_both,1.029687523841858,1.0440618991851807,0.11904669553041458,0.9919137489017165,0.185,0.1247898579028433,0.1454643076527269,0.1483592605213422,0.12931429643713185
20,14,train_both,0.9246053695678711,0.9373688697814941,0.11544869095087051,0.9947541851987131,0.2865,0.10401407421186779,0.10261849968963957,0.10487104322414405,0.11203410139561906
var,run,key,median_rmsd,mean_rmsd,std_rmsd,ccc,inversion_ratio,wd_N-CA,wd_CA-C,wd_C-N,wd_CA-CB
2,15,train_both,1.146622657775879,1.195068120956421,0.24918736517429352,0.9687212132139071,0.0,0.12597397388693468,0.134777283255531,0.13786084964431372,0.13137134391093813
3,15,train_both,1.1793186664581299,1.2103462219238281,0.20204538106918335,0.9694242171976638,0.0,0.139784383363084,0.14640668425173894,0.16233654883318901,0.1483377824191483
4,15,train_both,1.1012812852859497,1.12477707862854,0.15410692989826202,0.9846799444191328,0.544,0.11184443906450849,0.10813278801263118,0.11016338418501014,0.10929056685774009
5,15,train_both,1.1580266952514648,1.1926647424697876,0.18224559724330902,0.9812577402922283,0.09475,0.15156516893045524,0.16001055397174296,0.15905747863870762,0.16209901398261753
6,15,train_both,1.1905072927474976,1.2134047746658325,0.16860930621623993,0.9838174570833442,0.01,0.16748832634539984,0.180798252834433,0.17885978555967502,0.17686818857124115
7,15,train_both,1.156641960144043,1.1837433576583862,0.1690806746482849,0.9867956272802112,0.00525,0.1510456391474238,0.1595525976531802,0.1543141743762977,0.15829720088954047
8,15,train_both,1.0270241498947144,1.0456169843673706,0.12393366545438766,0.9893587495107005,0.09225,0.11344484535886883,0.1179789145626896,0.12126808113327746,0.11349113924857655
9,15,train_both,1.0023863315582275,1.0174249410629272,0.11761851608753204,0.9924890025781598,0.27725,0.10106821617930795,0.10965967634687243,0.11519957852785684,0.10678249243262149
10,15,train_both,1.0599181652069092,1.0794216394424438,0.13909085094928741,0.9906215984154492,0.127,0.1352954268449284,0.138351029940664,0.14987975561312492,0.14076806958104193
11,15,train_both,0.9475462436676025,0.9616360664367676,0.11595221608877182,0.9938655281402242,0.3405,0.10383748673642318,0.10007444710821545,0.10697496484163618,0.10789094795327948
12,15,train_both,0.941778302192688,0.9581437706947327,0.11525057256221771,0.9943902091017953,0.455,0.0883178687307907,0.08593741321510871,0.08875597372250812,0.0898864494973057
13,15,train_both,0.9839030504226685,1.0052077770233154,0.13500753045082092,0.9913863821496444,0.34425,0.11357707764025024,0.11927620077744415,0.12408454935210378,0.12359875442205887
14,15,train_both,0.9419329762458801,0.9539723992347717,0.1125396192073822,0.9940967870738072,0.3825,0.0900273960424881,0.09442442683168017,0.09970054767367117,0.09420751640596617
15,15,train_both,0.9160254001617432,0.9294858574867249,0.10746951401233673,0.9938045958603806,0.3865,0.08638674442475208,0.0961278280480094,0.09724012121782892,0.09210531582039622
16,15,train_both,1.032456874847412,1.049131155014038,0.1275717169046402,0.9895869834255605,0.2505,0.11844024897164726,0.1268430050499887,0.1277985002185609,0.12547325017219266
17,15,train_both,0.9354143142700195,0.9513118267059326,0.11166948825120926,0.9930946902128457,0.13125,0.09612683148312995,0.11352674727198975,0.11351090460806378,0.10455945629619934
18,15,train_both,0.9286931157112122,0.9440889954566956,0.11878038197755814,0.9937985279911241,0.49075,0.08890588687300616,0.09570739488787858,0.09969796394666569,0.09997193928538312
19,15,train_both,1.025007724761963,1.0352345705032349,0.12956547737121582,0.9904682396769827,0.0385,0.12193274163338834,0.14316315237988528,0.14529278230099757,0.12371803045273311
20,15,train_both,0.9709654450416565,0.9839447140693665,0.11899667233228683,0.99296984247507,0.44825,0.10882931280734548,0.11364667661853345,0.11376935157971033,0.11446483225531176
